{"$RMSE/\\sigma=$": 0.30105520664169266, "$RMSE=$": 1.4397344648906725, "$MAE=$": 1.066505478307815, "$R^{2}=$": 0.9093657625539278, "$D_{max}$ [mm] Actual": [3.0, 5.0, 14.0, 2.0, 5.0, 2.0, 2.5, 3.0, 3.0, 4.0, 5.0, 5.0, 2.0, 2.0, 9.0, 4.0, 8.0, 3.0, 1.5, 6.0, 1.0, 1.5, 1.5, 2.0, 0.5, 6.0, 12.0, 4.0, 3.0, 2.0, 3.0, 4.0, 3.0, 2.0, 7.0, 0.3, 3.5, 3.0, 3.0, 1.0, 1.0, 5.0, 3.0, 6.0, 20.0, 7.0, 1.0, 1.5, 1.0, 2.0, 2.0, 18.0, 2.0, 20.0, 1.0, 15.0, 10.0, 2.5, 14.0, 6.0, 3.0, 2.0, 1.0, 2.0, 2.0, 8.0, 4.0, 4.0, 2.0, 0.5, 8.0, 3.0, 4.0, 5.0, 6.5, 3.0, 1.5, 3.5, 4.0, 2.0, 10.0, 1.0, 11.0, 10.0, 6.0, 10.0, 7.0, 8.0, 10.0, 2.5, 4.0, 7.0, 4.0, 3.5, 9.0, 1.5, 4.0, 2.0, 2.0, 1.0, 5.0, 1.5, 1.0, 5.0, 3.0, 1.0, 10.0, 0.5, 6.0, 5.0, 5.0, 12.0, 2.0, 4.0, 2.0, 13.0, 1.0, 8.0, 3.0, 1.0, 3.0, 3.0, 0.3, 4.0, 2.5, 5.0, 6.0, 12.0, 1.0, 16.0, 14.0, 1.0, 3.0, 9.5, 2.0, 5.0, 10.0, 2.5, 4.0, 8.0, 9.0, 4.0, 3.0, 10.0, 4.0, 2.0, 3.0, 2.5, 2.0, 6.0, 4.0, 4.0, 2.0, 2.0, 16.0, 5.0, 6.0, 1.0, 3.0, 4.0, 4.0, 2.0, 25.0, 1.5, 1.5, 5.0, 2.0, 10.0, 14.0, 3.5, 3.0, 1.5, 25.0, 5.0, 2.0, 8.0, 3.5, 11.0, 2.5, 10.0, 4.0, 4.0, 6.0, 3.0, 1.0, 2.0, 3.0, 1.0, 3.0, 20.0, 5.0, 11.0, 25.0, 4.0, 2.0, 4.0, 4.0, 10.0, 5.0, 5.0, 12.0, 10.0, 5.0, 3.0, 10.0, 2.0, 3.5, 4.0, 3.0, 20.0, 2.0, 1.5, 4.0, 2.0, 3.0, 0.1, 2.0, 4.0, 7.0, 0.7, 13.0, 6.5, 5.0, 1.0, 0.2, 1.0, 3.0, 3.0, 16.0, 10.0, 6.0, 3.0, 2.0, 2.0, 12.0, 7.0, 8.0, 9.0, 10.0, 2.0, 2.0, 5.0, 20.0, 1.0, 8.0, 3.5, 1.0, 15.0, 8.0, 5.5, 4.0, 1.5, 1.0, 2.5, 5.0, 5.0, 10.0, 1.0, 8.0, 6.0, 1.0, 20.0, 4.0, 2.5, 14.0, 2.0, 2.0, 4.0, 4.0, 2.0, 1.0, 11.0, 3.0, 3.0, 25.0, 3.0, 0.4, 10.0, 16.0, 5.0, 20.0, 7.0, 2.5, 3.0, 2.5, 3.5, 4.0, 4.0, 5.0, 0.5, 15.0, 12.0, 30.0, 2.0, 15.0, 3.0, 3.0, 9.0, 3.0, 3.0, 2.0, 3.5, 1.0, 2.0, 0.5, 3.0, 1.5, 2.0, 2.0, 3.0, 3.0, 2.0, 3.0, 2.0, 3.0, 2.0, 4.0, 2.5, 1.5, 3.5, 2.5, 3.0, 7.0, 4.0, 2.5, 2.0, 8.0, 5.0, 7.0, 1.5, 2.5, 2.5, 3.0, 10.0, 6.0, 1.0, 6.0, 2.0, 9.0, 5.0, 9.0, 4.0, 1.0, 0.5, 8.0, 5.0, 2.0, 2.5, 1.0, 7.0, 3.0, 5.0, 8.0, 5.0, 3.0, 10.0, 3.0, 3.0, 1.5, 9.0, 2.5, 2.0, 12.0, 5.0, 5.0, 16.0, 8.0, 5.0, 8.0, 10.0, 15.0, 2.0, 8.0, 6.0, 5.0, 3.5, 5.0, 2.0, 5.0, 5.0, 3.0, 8.0, 3.0, 1.5, 6.0, 3.0, 2.0, 3.0, 6.0, 5.0, 2.5, 1.0, 3.0, 10.0, 10.0, 6.0, 12.0, 2.0, 20.0, 5.0, 4.0, 16.0, 8.0, 0.5, 5.0, 2.0, 4.0, 1.5, 2.0, 2.5, 3.0, 12.0, 4.0, 5.0, 2.5, 6.0, 1.0, 2.0, 2.0, 2.5, 2.0, 1.0, 4.0, 1.5, 10.0, 3.0, 2.0, 10.0, 4.0, 25.0, 5.0, 3.0, 2.0, 7.5, 10.0, 3.0, 1.0, 10.0, 3.0, 8.0, 1.0, 3.5, 4.0, 1.5, 8.0, 2.0, 6.0, 3.0, 8.0, 5.0, 12.0, 2.0, 4.0, 1.0, 0.5, 2.0, 5.0, 6.0, 14.0, 10.0, 15.0, 2.0, 6.0, 3.0, 14.0, 1.0, 1.0, 4.5, 5.0, 5.0, 2.0, 0.5, 5.0, 1.0, 3.5, 5.0, 1.5, 4.0, 2.0, 2.0, 2.0, 15.0, 1.0, 5.0, 0.5, 5.0, 1.0, 2.0, 6.0, 5.0, 8.0, 10.0, 4.0, 16.0, 2.0, 8.0, 20.0, 3.0, 3.5, 5.0, 4.0, 2.0, 2.0, 2.0, 3.5, 6.0, 9.0, 16.0, 1.3, 5.0, 6.0, 7.0, 3.0, 5.0, 2.0, 2.0, 10.5, 2.0, 0.5, 6.5, 3.0, 1.5, 2.0, 2.0, 2.0, 8.0, 2.0, 6.0, 7.0, 3.0, 2.0, 5.0, 2.0, 5.0, 8.0, 5.0, 1.0, 10.0, 2.0, 2.0, 1.0, 6.5, 2.5, 8.0, 8.0, 2.0, 3.0, 2.0, 2.0, 2.5, 2.5, 4.0, 16.0, 1.0, 3.0, 1.5, 5.0, 0.5, 3.0, 8.0, 6.0, 6.0, 9.0, 5.0, 2.0, 5.2, 10.0, 2.0, 20.0, 2.5, 3.0, 20.0, 4.0, 10.0, 6.0, 1.5, 6.0, 1.0, 3.0, 10.0, 9.0, 3.0, 1.0, 5.0, 4.0, 3.0, 25.0, 2.0, 6.0, 1.5, 3.0, 1.5, 10.0, 3.5, 5.0, 4.0, 4.0, 4.0, 6.0, 5.0, 1.0, 1.0, 10.0, 2.0, 5.0, 0.5, 30.0, 6.0, 6.0, 8.0, 7.0, 5.0, 20.0, 5.0, 1.0, 1.8, 1.0, 12.0, 2.0, 10.0, 3.0, 14.0, 1.0, 8.0, 4.0, 4.0, 2.0, 1.0, 3.5, 2.0, 1.5, 5.0, 10.0, 5.0, 3.0, 12.0, 0.75, 6.0, 3.0, 5.5, 1.5, 6.0, 1.5, 1.0, 0.5, 7.0, 4.0, 1.0, 2.0, 8.0, 10.0, 2.0, 2.0, 3.0, 1.5, 1.5, 2.0, 0.5, 10.0, 6.0, 2.0, 6.0, 30.0, 2.0, 6.0, 6.0, 3.0, 12.0, 0.03, 4.0, 2.0, 6.0, 1.5, 5.0, 0.5, 8.0, 5.0, 1.0, 1.5, 1.0, 1.0, 4.0, 3.0, 1.0, 9.0, 4.0, 1.0, 5.5, 4.0, 12.0, 6.0, 5.0, 2.0, 2.5, 0.5, 8.0, 4.0, 3.0, 1.0, 35.0, 12.0, 1.5, 8.0, 2.0, 1.5, 1.0, 1.8, 2.5, 5.0, 2.0, 3.0, 5.0, 5.0, 5.0, 2.0, 1.5, 4.0, 9.0, 2.0, 4.0, 2.5, 3.0, 9.0, 3.0, 16.0, 0.5, 8.0, 5.0, 10.0, 4.0, 2.0, 6.0, 8.0, 12.0, 2.0, 5.0, 10.0, 5.0, 3.5, 3.0, 8.0, 7.0, 8.0, 2.0, 1.5, 13.0, 3.5],