metric,value,fold
$RMSE$,3.1188941111091504,0
$RMSE$,3.299210983912246,1
$RMSE$,3.647571095388245,2
$RMSE$,2.8876742183644626,3
$RMSE$,3.4335681161657585,4
