metric,value,fold
$MAE$,1.9990369173840057,0
$MAE$,2.227378399829917,1
$MAE$,2.484847609296157,2
$MAE$,1.9631253142094156,3
$MAE$,2.2144280695158867,4
